{
    "accuracy": 0.475,
    "precision": 0.4583333333333333,
    "recall": 0.4536082474226804,
    "f1_score": 0.4559585492227979
}
