{
    "accuracy": 0.51,
    "precision": 0.494949494949495,
    "recall": 0.5051546391752577,
    "f1_score": 0.5
}
